<?xml version="1.0" encoding="UTF-8" ?>
<!DOCTYPE mapper
  PUBLIC "-//mybatis.org//DTD Mapper 3.0//EN"
  "http://mybatis.org/dtd/mybatis-3-mapper.dtd">
<mapper namespace="io.github.mattn.todo">
  <select id="select" resultType="io.github.mattn.todo.models.Item">
    select * from items order by created_at desc
  </select>
  <insert id="insert" parameterType="io.github.mattn.todo.models.Item">
    insert into items(body) values(#{body})
  </insert>
  <update id="update" parameterType="io.github.mattn.todo.models.Item">
    update items set
      body = #{body},
      done = #{done},
      updated_at = #{updatedAt}
    where id = #{id}
  </update>
  <delete id="delete" parameterType="int">
    delete from items
    where id = #{id}
  </delete>
  <update id="create">
    create table if not exists items(
      id integer primary key autoincrement,
      body text not null,
      done bool default false,
      created_at datetime default (datetime('now', 'localtime')),
      updated_at datetime default (datetime('now', 'localtime'))
    );
  </update>
</mapper>
